Mercury_7175875,A
Mercury_SC_409171,A
Mercury_SC_408547,A
Mercury_407327,A
MCAS_2006_9_44,A
Mercury_7270393,A
MCAS_2014_5_7,A
Mercury_7086660,A
Mercury_7168805,A
MCAS_2003_8_11,A
Mercury_7250058,A
Mercury_7012740,A
Mercury_LBS10610,A
Mercury_SC_407400,A
Mercury_7212993,A
Mercury_SC_413240,A
Mercury_7186358,A
Mercury_7166425,A
MDSA_2007_8_3,A
Mercury_7094290,A
Mercury_7186568,A
Mercury_402216,A
Mercury_404894,A
MCAS_2002_8_11,A
Mercury_SC_405086,A
Mercury_SC_408324,A
Mercury_7218820,A
Mercury_412202,A
Mercury_SC_409139,A
Mercury_400687,A
Mercury_7171605,A
Mercury_7210245,A
AKDE&ED_2008_4_25,A
AKDE&ED_2008_4_19,A
Mercury_SC_400402,A
Mercury_7234308,A
ACTAAP_2014_5_8,A
Mercury_400407,A
Mercury_7116288,A
MCAS_2004_9_15-v1,A
NYSEDREGENTS_2015_4_26,A
Mercury_SC_401620,A
Mercury_400877,A
Mercury_7174213,A
NYSEDREGENTS_2008_8_34,1
Mercury_7212398,A
Mercury_SC_401290,A
Mercury_SC_402120,A
Mercury_184975,A
Mercury_SC_400578,A
MCAS_2001_8_4,A
MCAS_2003_5_33,A
Mercury_7068513,A
AKDE&ED_2008_4_26,A
Mercury_7235638,A
MDSA_2009_5_20,A
Mercury_178325,A
Mercury_7212678,A
TAKS_2009_8_32,A
Mercury_412681,A
Mercury_400440,A
Mercury_SC_416529,A
MCAS_2006_8_1,A
TIMSS_2003_8_pg80,A
Mercury_416645,A
Mercury_406777,A
Mercury_LBS11018,A
Mercury_7139878,A
Mercury_417147,A
Mercury_7016765,A
Mercury_415303,A
Mercury_7215845,A
Mercury_7136885,A
Mercury_SC_400059,A
Mercury_7044328,A
MEA_2010_8_1,A
Mercury_414099,A
Mercury_410807,A
Mercury_403234,A
Mercury_7011323,A
Mercury_7109463,A
Mercury_SC_401277,A
MCAS_2005_5_25,A
Mercury_SC_401272,A
Mercury_7103600,A
MDSA_2009_8_2,A
Mercury_7127943,A
ACTAAP_2009_7_8,A
MCAS_2006_9_43,A
Mercury_7252088,A
Mercury_7084665,A
FCAT_2008_5_2,A
Mercury_SC_414041,A
MCAS_2014_8_20,A
Mercury_SC_401116,A
Mercury_7064680,A
Mercury_7211680,A
Mercury_180373,A
Mercury_7216248,A
Mercury_SC_417677,A
Mercury_7221655,A
MCAS_2006_9_12,A
MCAS_2004_9_2,A
Mercury_180005,A
Mercury_7071523,A
Mercury_7263375,A
TIMSS_2011_8_pg102,A
Mercury_406550,A
Mercury_SC_400057,A
TAKS_2009_5_26,A
LEAP_2007_8_10417,A
Mercury_7027405,A
Mercury_7058415,A
Mercury_7215828,A
Mercury_7064575,A
Mercury_7097493,A
AKDE&ED_2008_8_47,A
Mercury_405136,A
Mercury_415086,A
Mercury_7228725,A
Mercury_7201740,A
NYSEDREGENTS_2010_4_4,A
MEAP_2005_8_21,A
Mercury_7026355,A
Mercury_7249708,A
Mercury_7107170,A
Mercury_183820,A
Mercury_SC_401357,A
NYSEDREGENTS_2008_8_11,1
Mercury_416650,A
NCEOGA_2013_5_20,A
Mercury_400500,A
Mercury_SC_401366,A
Mercury_7141610,A
Mercury_7247013,A
NYSEDREGENTS_2008_8_30,1
ACTAAP_2011_5_16,A
Mercury_7093153,A
Mercury_7013965,A
Mercury_7034843,A
Mercury_SC_407610,A
Mercury_405947,A
AKDE&ED_2012_8_6,A
Mercury_7011130,A
Mercury_LBS11022,A
TIMSS_1995_8_J1,A
Mercury_SC_408366,A
Mercury_7009993,A
Mercury_401699,A
Mercury_7056858,A
Mercury_7027160,A
Mercury_400811,A
Mercury_SC_400062,A
Mercury_400699,A
Mercury_7029803,A
Mercury_SC_401372,A
Mercury_7271128,A
Mercury_407260,A
Mercury_SC_416155,A
Mercury_402145,A
AIMS_2009_4_5,A
TIMSS_2003_4_pg7,A
Mercury_7142415,A
Mercury_7212818,A
Mercury_SC_413299,A
Mercury_7132020,A
MEA_2014_8_10,A
TIMSS_1995_8_N2,A
Mercury_7024465,A
Mercury_SC_415762,A
Mercury_415093,A
LEAP_2005_8_10404,A
AIMS_2008_8_6,A
Mercury_7057173,A
TIMSS_2007_8_pg60,A
AIMS_2009_8_14,A
Mercury_185010,A
Mercury_7206938,A
Mercury_402501,A
MCAS_2011_8_15365,A
Mercury_SC_401766,A
Mercury_7162400,A
Mercury_7086695,A
Mercury_SC_402994,A
Mercury_7056298,A
Mercury_409115,A
Mercury_409647,A
Mercury_414352,A
Mercury_185325,A
Mercury_SC_412374,A
Mercury_SC_401818,A
Mercury_SC_413549,A
Mercury_7093958,A
Mercury_7102323,A
Mercury_7222793,A
Mercury_SC_400701,A
Mercury_409301,A
Mercury_SC_400383,A
CSZ_2005_5_CSZ10021,A
Mercury_SC_407070,A
Mercury_SC_400708,A
Mercury_7075040,A
Mercury_7137165,A
Mercury_SC_400046,A
Mercury_7099330,A
MDSA_2007_5_2,A
Mercury_7271758,A
MCAS_2003_8_31,A
AKDE&ED_2008_8_53,A
TIMSS_2007_8_pg109,A
Mercury_175385,A
Mercury_410669,A
MEAP_2005_8_39,A
Mercury_SC_408568,A
AKDE&ED_2008_8_7,A
Mercury_7082845,A
Mercury_SC_405726,A
Mercury_SC_415407,A
Mercury_SC_401792,A
LEAP_2000_8_4,A
Mercury_SC_413439,A
ACTAAP_2014_7_13,A
Mercury_SC_402638,A
Mercury_SC_406725,A
NYSEDREGENTS_2015_4_29,A
Mercury_406136,A
MSA_2012_5_23,A
Mercury_405873,A
Mercury_7043820,A
MCAS_2005_5_34,A
Mercury_7182245,A
MSA_2012_8_30,A
Mercury_7252753,A
TAKS_2009_8_36,A
Mercury_SC_415473,A
Mercury_SC_413624,A
Mercury_7016800,A
Mercury_SC_407228,A
Mercury_414504,A
TIMSS_2011_4_pg27,A
Mercury_SC_402029,A
Mercury_7131845,A
Mercury_SC_405533,A
Mercury_7086748,A
MDSA_2007_8_17,A
Mercury_7210473,A
Mercury_7214340,A
MCAS_2005_9_17,A
MEA_2016_8_12,A
Mercury_SC_401278,A
Mercury_SC_407689,A
Mercury_7230405,A
Mercury_SC_405640,A
Mercury_7201775,A
Mercury_7177398,A
Mercury_7041423,A
Mercury_7004743,A
Mercury_7198468,A
MEA_2014_5_11,A
Mercury_410602,A
Mercury_7108868,A
Mercury_7033828,A
TIMSS_2007_4_pg19,A
Mercury_400828,A
VASoL_2008_3_16,A
LEAP__5_10315,A
Mercury_SC_415471,A
Mercury_7247065,A
MDSA_2011_5_3,A
MDSA_2009_5_39,A
Mercury_187198,A
MCAS_2000_4_36,A
Mercury_184100,A
Mercury_LBS10814,A
Mercury_SC_408384,A
Mercury_7043068,A
Mercury_411071,A
NYSEDREGENTS_2010_4_24,A
Mercury_SC_409673,A
Mercury_SC_400374,A
CSZ_2009_8_CSZ20740,A
Mercury_SC_406482,A
OHAT_2007_8_24,A
Mercury_188335,A
Mercury_7128555,A
Mercury_407517,A
Mercury_405950,A
MCAS_2004_9_5,A
NCEOGA_2013_8_28,A
Mercury_SC_406451,A
Mercury_7109323,A
Mercury_404132,A
Mercury_7210210,A
Mercury_SC_408042,A
MCAS_2004_8_14,A
TIMSS_2011_4_pg5,A
Mercury_SC_406833,A
Mercury_7029558,A
Mercury_7138390,A
MEAP_2005_5_12,A
MCAS_2000_4_30,A
MCAS_1998_4_12,A
Mercury_175840,A
Mercury_7099190,A
Mercury_SC_401605,A
TAKS_2009_5_36,A
Mercury_7171570,A
Mercury_SC_402057,A
Mercury_SC_413628,A
Mercury_LBS10131,A
Mercury_7032428,A
Mercury_7025008,A
MEA_2011_8_19,A
NYSEDREGENTS_2008_8_27,1
VASoL_2007_5_22,A
NCEOGA_2013_5_19,A
Mercury_7037555,A
Mercury_402132,A
MCAS_2006_8_24,A
Mercury_7128923,A
Mercury_416379,A
Mercury_7168053,A
AKDE&ED_2008_8_1,A
Mercury_SC_415476,A
Mercury_7106960,A
Mercury_7160563,A
Mercury_7068583,A
Mercury_404638,A
Mercury_SC_407138,A
MCAS_2000_4_10,A
Mercury_177748,A
MCAS_2004_9_21-v1,A
MDSA_2007_5_16,A
Mercury_401763,A
Mercury_7268118,A
Mercury_403232,A
Mercury_415081,A
Mercury_7206378,A
CSZ30169,A
Mercury_7013948,A
Mercury_SC_402164,A
Mercury_400880,A
Mercury_7040793,A
MDSA_2010_5_29,A
LEAP__8_10365,A
Mercury_SC_401295,A
MCAS_2012_5_23625,A
Mercury_7268048,A
Mercury_SC_402629,A
NCEOGA_2013_8_42,A
Mercury_412463,A
Mercury_409295,A
Mercury_404609,A
Mercury_7230090,A
Mercury_7057488,A
MDSA_2009_4_1,A
Mercury_7150728,A
Mercury_402207,A
Mercury_411732,A
Mercury_7270113,A
AKDE&ED_2008_8_3,A
MCAS_1999_8_1,A
NYSEDREGENTS_2015_4_24,A
Mercury_7122640,A
Mercury_402547,A
Mercury_7133945,A
Mercury_7199028,A
Mercury_7217298,A
Mercury_7057680,A
Mercury_SC_400404,A
Mercury_SC_408030,A
Mercury_415083,A
Mercury_409114,A
Mercury_SC_415006,A
MSA_2012_5_15,A
Mercury_SC_402612,A
Mercury_SC_405937,A
Mercury_SC_416459,A
NAEP_2000_8_S21+4,A
Mercury_7072380,A
Mercury_SC_401373,A
Mercury_SC_400579,A
MCAS_2003_5_14,A
MSA_2015_8_30,A
Mercury_SC_415416,A
NYSEDREGENTS_2012_8_42,1
NCEOGA_2013_5_9,A
MEAP_2005_8_45,A
Mercury_SC_400594,A
NCEOGA_2013_8_43,A
MCAS_2006_8_13,A
Mercury_7168823,A
Mercury_7158935,A
Mercury_7172708,A
ACTAAP_2010_5_1,A
Mercury_7093048,A
Mercury_7081603,A
Mercury_SC_LBS11003,A
MCAS_2005_8_2,A
ACTAAP_2010_7_14,A
NYSEDREGENTS_2008_4_15,A
Mercury_7107240,A
Mercury_7218628,A
MSA_2013_5_23,A
Mercury_7081725,A
Mercury_SC_413542,A
Mercury_SC_407302,A
Mercury_175053,A
Mercury_7161315,A
Mercury_189070,A
Mercury_7189123,A
Mercury_SC_402171,A
Mercury_7217368,A
Mercury_LBS10933,A
Mercury_7223160,A
Mercury_SC_401324,A
LEAP_2001_8_10379,A
VASoL_2009_5_30,A
Mercury_416404,A
Mercury_7103530,A
Mercury_7030870,A
LEAP__7_10348,A
Mercury_SC_406835,A
Mercury_178255,A
MDSA_2012_8_16,A
Mercury_409645,A
TIMSS_2003_8_pg47,A
NYSEDREGENTS_2010_8_16,1
Mercury_7159810,A
Mercury_7267523,A
Mercury_SC_401006,A
ACTAAP_2010_7_12,A
MEAP_2005_8_13,A
Mercury_7164623,A
Mercury_417127,A
Mercury_411224,A
TIMSS_2011_8_pg15,A
NYSEDREGENTS_2012_8_19,1
Mercury_7222460,A
Mercury_7007420,A
Mercury_SC_405710,A
Mercury_SC_401375,A
VASoL_2010_3_22,A
Mercury_SC_408358,A
NYSEDREGENTS_2013_8_42,1
Mercury_SC_400661,A
Mercury_SC_415422,A
Mercury_SC_400162,A
Mercury_7212328,A
NCEOGA_2013_8_26,A
Mercury_SC_407696,A
Mercury_SC_400052,A
Mercury_7212870,A
NYSEDREGENTS_2010_8_35,1
MCAS_2010_8_12005,A
Mercury_7218505,A
Mercury_SC_400853,A
Mercury_7210455,A
Mercury_7174738,A
MCAS_2001_5_2,A
NYSEDREGENTS_2012_4_9,A
Mercury_416593,A
Mercury_7205870,A
Mercury_SC_401798,A
Mercury_7084228,A
Mercury_417460,A
Mercury_402539,A
Mercury_406800,A
Mercury_SC_408321,A
Mercury_SC_406836,A
Mercury_SC_410963,A
Mercury_7132405,A
Mercury_SC_408872,A
VASoL_2008_3_25,A
WASL_2005_8_12,A
AKDE&ED_2012_8_20,A
Mercury_7056823,A
Mercury_7205800,A
Mercury_SC_402282,A
MCAS_1998_8_26,A
Mercury_7230318,A
Mercury_SC_416167,A
Mercury_7027720,A
LEAP__5_10312,A
Mercury_405161,A
Mercury_SC_409245,A
ACTAAP_2011_5_8,A
Mercury_7223370,A
Mercury_SC_400697,A
Mercury_SC_401262,A
Mercury_7136063,A
Mercury_405876,A
Mercury_7057890,A
LEAP_2002_4_10247,A
Mercury_SC_405481,A
Mercury_SC_400401,A
Mercury_7064260,A
Mercury_7015995,A
Mercury_400887,A
Mercury_7247678,A
MDSA_2007_8_24,A
AKDE&ED_2008_8_48,A
Mercury_401014,A
Mercury_7106698,A
Mercury_7143308,A
MCAS_2005_9_21,A
Mercury_400443,A
Mercury_7283430,A
Mercury_7159250,A
Mercury_401912,A
Mercury_7219328,A
Mercury_7214498,A
TAKS_2009_5_14,A
NYSEDREGENTS_2013_4_17,A
Mercury_403907,A
Mercury_7081480,A
Mercury_416505,A
Mercury_7041668,A
Mercury_SC_401309,A
NYSEDREGENTS_2010_4_1,A
ACTAAP_2007_7_36,A
VASoL_2009_3_12,A
Mercury_7085295,A
Mercury_7201968,A
Mercury_7214008,A
Mercury_176855,A
Mercury_SC_401678,A
Mercury_417143,A
NYSEDREGENTS_2013_4_21,A
Mercury_7032620,A
NYSEDREGENTS_2008_8_9,1
TAKS_2009_8_27,A
NCEOGA_2013_8_57,A
Mercury_SC_413143,A
Mercury_401195,A
CSZ10358,A
MCAS_1999_4_26,A
AKDE&ED_2008_8_36,A
Mercury_7017938,A
MDSA_2013_8_32,A
Mercury_7038028,A
Mercury_7057103,A
NYSEDREGENTS_2008_4_26,A
Mercury_417117,A
MCAS_2016_8_15,A
Mercury_400780,A
NYSEDREGENTS_2008_8_32,1
Mercury_SC_416104,A
Mercury_416646,A
Mercury_SC_405296,A
MCAS_2006_8_31,A
MCAS_2015_5_14,A
Mercury_417465,A
MCAS_1998_4_19,A
Mercury_7214778,A
Mercury_7123393,A
Mercury_7207550,A
Mercury_SC_405827,A
NYSEDREGENTS_2015_4_11,A
Mercury_404097,A
AIMS_2009_4_4,A
NCEOGA_2013_8_18,A
Mercury_400884,A
Mercury_7219678,A
ACTAAP_2010_5_7,A
ACTAAP_2012_7_9,A
MCAS_2005_8_6,A
Mercury_SC_401162,A
Mercury_SC_407710,A
VASoL_2009_3_23,A
Mercury_SC_402276,A
Mercury_400744,A
Mercury_SC_LBS10902,A
Mercury_7133245,A
Mercury_7131530,A
Mercury_7041143,A
MCAS_2010_5_11984,A
Mercury_7159285,A
AIMS_2008_8_13,A
MDSA_2013_8_20,A
Mercury_7114100,A
Mercury_7213343,A
Mercury_SC_LBS10597,A
Mercury_7126263,A
Mercury_7133613,A
Mercury_7234605,A
Mercury_SC_400839,A
Mercury_SC_402984,A
NYSEDREGENTS_2012_4_29,A
VASoL_2009_3_22,A
Mercury_409349,A
Mercury_SC_407417,A
VASoL_2007_5_21,A
MCAS_2012_8_23651,A
MCAS_2000_4_26,A
Mercury_SC_410971,A
Mercury_404841,A
Mercury_416651,A
Mercury_416576,A
MCAS_1998_8_24,A
Mercury_SC_408367,A
Mercury_405804,A
Mercury_7216318,A
Mercury_401312,A
MDSA_2013_8_23,A
Mercury_SC_405880,A
ACTAAP_2009_5_12,A
CSZ20754,A
Mercury_184363,A
Mercury_7188195,A
Mercury_7221043,A
Mercury_7107328,A
Mercury_415084,A
Mercury_415082,A
Mercury_SC_416169,A
MEA_2011_8_13,A
TIMSS_2003_4_pg82,A
CSZ30338,A
TIMSS_2003_8_pg85,A
Mercury_7221988,A
NCEOGA_2013_5_11,A
MCAS_2013_8_29416,A
Mercury_SC_401142,A
Mercury_7206395,A
Mercury_179025,A
Mercury_7130620,A
Mercury_177870,A
Mercury_7282083,A
Mercury_SC_400233,A
Mercury_7082443,A
NCEOGA_2013_8_15,A
Mercury_7210140,A
Mercury_7106593,A
Mercury_416536,A
Mercury_410026,A
ACTAAP_2011_5_1,A
Mercury_417138,A
Mercury_7138915,A
NYSEDREGENTS_2008_4_11,A
Mercury_404435,A
MDSA_2009_5_25,A
OHAT_2007_8_12,A
Mercury_LBS10302,A
Mercury_7027248,A
Mercury_SC_401360,A
ACTAAP_2013_5_17,A
Mercury_407125,A
Mercury_404820,A
Mercury_SC_416168,A
TIMSS_1995_8_K18,A
Mercury_SC_405130,A
Mercury_SC_408631,A
Mercury_SC_408763,A
MCAS_8_2015_18,A
Mercury_411729,A
MDSA_2012_8_6,A
MCAS_1999_8_5,A
WASL_2004_8_17,A
Mercury_414365,A
Mercury_SC_415406,A
MCAS_2000_8_29,A
Mercury_416230,A
Mercury_7001295,A
MSA_2012_5_2,A
MCAS_2005_8_7,A
Mercury_7206553,A
VASoL_2010_3_39,A
Mercury_416380,A
OHAT_2008_5_34,A
Mercury_7268328,A
NYSEDREGENTS_2008_8_36,1
Mercury_SC_414156,A
Mercury_7094133,A
MEA_2013_5_15,A
OHAT_2010_8_35,A
Mercury_SC_416174,A
TIMSS_1995_8_J6,A
Mercury_SC_401587,A
MDSA_2011_5_23,A
AIMS_2008_8_11,A
Mercury_7159215,A
MCAS_2006_9_30,A
MCAS_1999_4_27,A
Mercury_7016538,A
Mercury_SC_409266,A
OHAT_2007_5_15,A
Mercury_7230073,A
Mercury_7245840,A
Mercury_SC_401788,A
ACTAAP_2014_7_5,A
MCAS_2004_5_11,A
NCEOGA_2013_8_7,A
LEAP__7_10339,A
Mercury_7018270,A
Mercury_7034808,A
Mercury_7216300,A
Mercury_SC_400985,A
Mercury_7188528,A
TIMSS_1995_8_R2,A
Mercury_SC_400032,A
Mercury_7252245,A
MCAS_2002_8_17,A
MDSA_2007_8_30,A
NCEOGA_2013_5_35,A
Mercury_7082758,A
Mercury_7094308,A
Mercury_7136028,A
Mercury_7159075,A
MCAS_2015_5_19,A
MSA_2012_5_12,A
MCAS_2014_5_13,A
Mercury_SC_400392,A
Mercury_7159320,A
Mercury_7218365,A
MCAS_2004_9_10-v1,A
AIMS_2009_4_12,A
Mercury_SC_414274,A
MCAS_2005_9_6,A
MCAS_1998_4_23,A
Mercury_7075023,A
Mercury_SC_400182,A
Mercury_SC_400133,A
MSA_2013_5_11,A
Mercury_SC_408706,A
Mercury_7213325,A
Mercury_SC_LBS10932,A
Mercury_192220,A
Mercury_SC_407247,A
Mercury_7024798,A
Mercury_7180810,A
Mercury_412780,A
LEAP_2011_8_10434,A
Mercury_7200340,A
Mercury_7056525,A
Mercury_7085278,A
AKDE&ED_2008_4_35,A
MCAS_1999_8_16,A
Mercury_SC_400063,A
Mercury_SC_401666,A
TIMSS_2011_8_pg31,A
Mercury_412673,A
Mercury_7130655,A
MCAS_2004_5_7,A
Mercury_7187373,A
Mercury_SC_401361,A
MCAS_2006_8_12,A
Mercury_7233765,A
Mercury_SC_407613,A
MCAS_2005_5_24,A
Mercury_405778,A
Mercury_7263060,A
Mercury_SC_401668,A
Mercury_7230388,A
Mercury_7041650,A
Mercury_SC_409009,A
Mercury_7223143,A
ACTAAP_2007_7_3,A
Mercury_7215670,A
MEA_2010_8_15,A
Mercury_7270515,A
Mercury_7006160,A
Mercury_SC_410630,A
Mercury_7082320,A
MEA_2013_8_1,A
Mercury_7033845,A
Mercury_7221620,A
LEAP__7_10352,A
Mercury_412605,A
Mercury_416638,A
MCAS_2011_8_17694,A
Mercury_SC_400012,A
Mercury_SC_413458,A
Mercury_7139545,A
NYSEDREGENTS_2015_4_5,A
TIMSS_2003_8_pg16,A
Mercury_SC_415073,A
Mercury_7012880,A
Mercury_191625,A
Mercury_SC_402985,A
Mercury_7005425,A
MDSA_2013_8_40,A
Mercury_401684,A
NCEOGA_2013_5_17,A
Mercury_7116183,A
Mercury_7106628,A
Mercury_7203473,A
Mercury_SC_416108,A
LEAP_2007_8_10418,A
Mercury_7111178,A
Mercury_7203560,A
ACTAAP_2013_7_2,A
MCAS_2012_8_23640,A
Mercury_404272,A
MCAS_2009_8_17,A
AIMS_2008_4_5,A
Mercury_7236513,A
Mercury_SC_LBS10027,A
Mercury_189053,A
Mercury_SC_414271,A
Mercury_408922,A
Mercury_7264093,A
Mercury_SC_LBS11009,A
Mercury_7191433,A
MEAP_2005_5_14,A
Mercury_416683,A
Mercury_7040775,A
Mercury_7222600,A
MCAS_2001_5_3,A
MCAS_2004_8_7,A
Mercury_415268,A
Mercury_7017710,A
Mercury_7210123,A
MCAS_2009_5_6519,A
Mercury_401502,A
Mercury_7109498,A
VASoL_2008_5_10,A
MCAS_2006_9_4,A
Mercury_402341,A
MCAS_2006_9_34,A
Mercury_7267715,A
Mercury_SC_413089,A
Mercury_SC_401656,A
Mercury_407019,A
Mercury_417128,A
Mercury_7081305,A
NYSEDREGENTS_2015_8_3,1
MEA_2016_8_15,A
ACTAAP_2015_7_9,A
Mercury_7216423,A
Mercury_416633,A
Mercury_7038518,A
Mercury_7085225,A
LEAP__4_10225,A
Mercury_SC_401661,A
TIMSS_1995_8_Q15,A
MCAS_1999_4_23,A
TIMSS_1995_8_J7,A
Mercury_SC_LBS10018,A
Mercury_SC_406855,A
Mercury_SC_415457,A
NYSEDREGENTS_2015_4_25,A
Mercury_7058135,A
MDSA_2008_4_19,A
AKDE&ED_2008_8_45,A
Mercury_7131758,A
NYSEDREGENTS_2013_8_10,1
Mercury_SC_401783,A
Mercury_7190120,A
Mercury_409317,A
Mercury_7268240,A
Mercury_7228358,A
MCAS_2004_5_33,A
Mercury_7008855,A
Mercury_7057085,A
Mercury_7171728,A
NAEP_2005_4_S14+3,A
Mercury_7024395,A
NYSEDREGENTS_2012_8_28,1
Mercury_7090790,A
TIMSS_2003_8_pg87,A
Mercury_SC_407382,A
MDSA_2010_4_20,A
Mercury_SC_405019,A
Mercury_7123078,A
Mercury_400084,A
Mercury_7139650,A
Mercury_417150,A
Mercury_SC_402256,A
TIMSS_2007_8_pg53,A
MCAS_2006_9_17-v1,A
Mercury_401728,A
Mercury_7192798,A
Mercury_7221078,A
Mercury_7004953,A
TIMSS_2003_8_pg94,A
Mercury_7095060,A
Mercury_7123358,A
Mercury_7069020,A
TIMSS_2003_8_pg117,A
VASoL_2008_3_32,A
Mercury_SC_400142,A
Mercury_7163818,A
Mercury_402502,A
Mercury_7130778,A
MEA_2010_8_18,A
Mercury_7211033,A
NYSEDREGENTS_2008_8_17,1
NAEP_2005_8_S11+1,A
Mercury_412774,A
MEA_2013_5_12,A
Mercury_7098473,A
Mercury_417593,A
Mercury_7081743,A
Mercury_7018410,A
Mercury_402563,A
Mercury_416407,A
Mercury_SC_400400,A
MCAS_2000_8_22,A
MCAS_8_2014_8,A
Mercury_7206430,A
Mercury_7185343,A
OHAT_2010_8_8,A
Mercury_405462,A
Mercury_SC_LBS10337,A
Mercury_7142520,A
Mercury_SC_405501,A
Mercury_7009555,A
Mercury_409085,A
NYSEDREGENTS_2012_4_2,A
Mercury_407539,A
ACTAAP_2013_7_16,A
AKDE&ED_2008_8_34,A
MCAS_2004_8_3,A
Mercury_415272,A
Mercury_405387,A
Mercury_7116323,A
Mercury_7213430,A
Mercury_7234360,A
Mercury_405685,A
Mercury_7236740,A
Mercury_7116235,A
Mercury_SC_405357,A
Mercury_7042945,A
Mercury_7106750,A
MDSA_2009_4_34,A
Mercury_7016310,A
VASoL_2007_3_1,A
Mercury_7030468,A
Mercury_SC_402616,A
Mercury_405464,A
Mercury_7205608,A
Mercury_7015208,A
Mercury_SC_409666,A
Mercury_7230353,A
Mercury_7150343,A
Mercury_7026723,A
Mercury_7024273,A
AKDE&ED_2008_8_40,A
Mercury_183033,A
Mercury_402364,A
Mercury_7263183,A
Mercury_7222530,A
OHAT_2009_8_36,A
Mercury_7141750,A
TIMSS_2011_4_pg45,A
MCAS_2014_5_5,A
Mercury_SC_409241,A
Mercury_SC_401147,A
Mercury_SC_LBS10273,A
Mercury_401523,A
Mercury_401865,A
MCAS_2013_8_29435,A
Mercury_SC_406720,A
NYSEDREGENTS_2013_8_34,1
Mercury_7038833,A
Mercury_175560,A
Mercury_7005005,A
Mercury_183890,A
Mercury_7270358,A
MCAS_2013_5_29411,A
ACTAAP_2007_7_31,A
Mercury_7082023,A
MCAS_2003_8_21,A
NYSEDREGENTS_2015_8_9,1
Mercury_7064750,A
TIMSS_2007_8_pg113,A
Mercury_7173583,A
Mercury_403930,A
Mercury_417118,A
Mercury_7143010,A
Mercury_SC_401801,A
Mercury_410334,A
NAEP_2000_4_S12+3,A
Mercury_7218015,A
Mercury_7109603,A
NYSEDREGENTS_2008_8_42,1
NAEP_2000_8_S11+11,A
Mercury_7271670,A
ACTAAP_2009_5_8,A
NYSEDREGENTS_2012_4_1,A
Mercury_SC_409030,A
MEA_2013_8_8,A
Mercury_7140333,A
Mercury_SC_LBS10664,A
Mercury_7171430,A
Mercury_SC_407572,A
VASoL_2009_3_2,A
Mercury_SC_407383,A
Mercury_7218400,A
Mercury_184818,A
Mercury_SC_405931,A
Mercury_SC_416177,A
Mercury_SC_406625,A
MCAS_2014_8_16,A
Mercury_7138460,A
Mercury_7129640,A
Mercury_7024290,A
NYSEDREGENTS_2008_4_28,A
Mercury_SC_414339,A
LEAP_2000_8_2,A
Mercury_7172270,A
Mercury_184205,A
Mercury_SC_400683,A
Mercury_7182210,A
Mercury_7238945,A
Mercury_SC_408748,A
MEA_2016_5_4,A
Mercury_7271513,A
Mercury_7189000,A
Mercury_SC_401585,A
Mercury_188528,A
Mercury_SC_415719,A
Mercury_SC_407072,A
Mercury_7091823,A
Mercury_7040985,A
Mercury_SC_409383,A
Mercury_SC_407080,A
MCAS_2000_4_34,A
Mercury_7032498,A
TAKS_2009_5_30,A
Mercury_SC_415761,A
ACTAAP_2008_5_10,A
Mercury_416671,A
Mercury_400803,A
Mercury_7005880,A
Mercury_7210508,A
NYSEDREGENTS_2013_4_1,A
NYSEDREGENTS_2008_4_12,A
Mercury_400091,A
Mercury_SC_402257,A
Mercury_7227815,A
ACTAAP_2010_7_3,A
Mercury_SC_410905,A
OHAT_2010_5_18,A
NAEP_2000_8_S11+10,A
MCAS_2003_8_29,A
Mercury_401433,A
TIMSS_1995_8_N4,A
Mercury_SC_405885,A
Mercury_7263638,A
Mercury_401428,A
Mercury_SC_402121,A
NYSEDREGENTS_2015_4_7,A
MCAS_2012_5_23614,A
Mercury_407262,A
MCAS_2014_8_6,A
Mercury_7032515,A
Mercury_7270165,A
Mercury_7017045,A
Mercury_SC_400386,A
Mercury_400750,A
MCAS_2006_9_28-v1,A
Mercury_416376,A
Mercury_7086520,A
Mercury_7014333,A
Mercury_SC_406623,A
Mercury_7042648,A
MCAS_2004_8_23,A
MCAS_2013_8_29425,A
MEAP_2005_5_15,A
Mercury_7016258,A
NCEOGA_2013_8_5,A
Mercury_7015540,A
Mercury_SC_414001,A
Mercury_7017973,A
Mercury_407097,A
Mercury_SC_406794,A
Mercury_7227710,A
Mercury_SC_406710,A
Mercury_401926,A
MCAS_2014_5_15,A
Mercury_LBS10151,A
ACTAAP_2013_5_8,A
Mercury_SC_407592,A
TIMSS_1995_8_L6,A
Mercury_7233398,A
Mercury_407664,A
Mercury_SC_408657,A
Mercury_7142800,A
Mercury_SC_410837,A
Mercury_7154315,A
Mercury_7239628,A
Mercury_401241,A
Mercury_SC_408251,A
Mercury_7175893,A
Mercury_7202843,A
Mercury_7159023,A
MDSA_2008_8_3,A
Mercury_7218348,A
Mercury_SC_406458,A
LEAP_2007_4_10280,A
Mercury_7216965,A
NYSEDREGENTS_2010_8_42,1
LEAP__7_10351,A
Mercury_SC_400590,A
Mercury_7086608,A
Mercury_7187863,A
Mercury_7120873,A
Mercury_184730,A
Mercury_SC_401265,A
OHAT_2009_8_34,A
Mercury_406639,A
Mercury_7008610,A
MCAS_2009_8_12,A
MCAS_2005_8_12,A
ACTAAP_2008_7_4,A
NYSEDREGENTS_2008_4_3,A
Mercury_SC_416181,A
NYSEDREGENTS_2010_4_30,A
Mercury_7025060,A
Mercury_SC_402103,A
VASoL_2009_5_37,A
Mercury_SC_402981,A
NYSEDREGENTS_2008_8_5,1
MCAS_1998_4_13,A
MDSA_2008_8_20,A
Mercury_SC_400134,A
Mercury_SC_LBS10265,A
Mercury_7188580,A
Mercury_402348,A
Mercury_7030555,A
Mercury_SC_415453,A
Mercury_7074848,A
Mercury_SC_400582,A
Mercury_SC_401168,A
Mercury_180828,A
FCAT_2008_5_1,A
TAKS_2009_5_25,A
Mercury_SC_LBS10392,A
Mercury_7212905,A
Mercury_7212888,A
MDSA_2007_8_42,A
Mercury_SC_415534,A
Mercury_7213413,A
Mercury_7068635,A
Mercury_417137,A
Mercury_7268258,A
NAEP_2005_4_S13+14,A
Mercury_SC_406089,A
Mercury_SC_400700,A
Mercury_7223493,A
Mercury_SC_405928,A
MCAS_2009_5_6518,A
MCAS_2006_9_1,A
Mercury_7239383,A
Mercury_SC_400130,A
Mercury_401426,A
MCAS_2010_8_12016,A
Mercury_SC_400324,A
Mercury_SC_LBS10662,A
VASoL_2009_3_8,A
Mercury_SC_401185,A
NYSEDREGENTS_2015_8_29,1
Mercury_7234378,A
ACTAAP_2014_7_3,A
MDSA_2008_8_27,A
Mercury_7004725,A
Mercury_405143,A
MCAS_2003_8_7,A
Mercury_SC_405341,A
Mercury_7283833,A
Mercury_7159303,A
Mercury_406427,A
Mercury_SC_414129,A
Mercury_7108990,A
Mercury_SC_407315,A
Mercury_SC_408663,A
MEA_2013_8_18,A
Mercury_7111125,A
LEAP_2009_8_10430,A
Mercury_7165218,A
MEA_2013_8_15,A
